{
    "description": "项目配置文件，详见文档：https://developers.weixin.qq.com/miniprogram/dev/devtools/projectconfig.html",
    "packOptions": {
        "ignore": [],
        "include": []
    },
    "setting": {
        "urlCheck": true,
        "es6": true,
        "postcss": true,
        "minified": true,
        "newFeature": true,
        "coverView": true,
        "autoAudits": false,
        "checkInvalidKey": true,
        "checkSiteMap": true,
        "uploadWithSourceMap": true,
        "babelSetting": {
            "ignore": [],
            "disablePlugins": [],
            "outputPath": ""
        },
        "lazyloadPlaceholderEnable": false,
        "preloadBackgroundData": false,
        "uglifyFileName": false,
        "enhance": true,
        "useMultiFrameRuntime": true,
        "showShadowRootInWxmlPanel": true,
        "packNpmManually": false,
        "packNpmRelationList": [],
        "minifyWXSS": true,
        "useStaticServer": true,
        "showES6CompileOption": false,
        "disableUseStrict": false,
        "useCompilerPlugins": false,
        "minifyWXML": true
    },
    "compileType": "miniprogram",
    "libVersion": "2.8.3",
    "appid": "wx04e7e4cf2c9a65bc",
    "projectname": "%E7%AC%AC%E5%9B%9B%E4%B8%AA%E5%B0%8F%E7%A8%8B%E5%BA%8F",
    "cloudfunctionTemplateRoot": "",
    "simulatorType": "wechat",
    "simulatorPluginLibVersion": {},
    "condition": {
        "miniprogram": {
            "list": [
                {
                    "name": "pages/detail/detail",
                    "pathName": "pages/detail/detail",
                    "query": "",
                    "scene": null
                }
            ]
        }
    },
    "editorSetting": {
        "tabIndent": "insertSpaces",
        "tabSize": 4
    }
}